month,day,rh_10am,rh_4pm,tmax,tmin,sunshine_hr,wind_kmday,rainfall_mm
1,1,48.0,27.0,26.0,14.0,7.4,103.89,
1,2,48.0,34.0,24.0,14.0,7.8,316.0,
1,3,32.0,14.0,24.0,11.0,8.0,195.77,
1,4,18.0,22.0,24.0,13.0,7.0,112.14,
1,5,17.0,20.0,24.0,13.0,,215.75,
1,6,18.0,19.0,30.0,10.0,7.2,87.67,
1,7,27.0,13.0,32.0,12.0,0.7,47.7,
1,8,39.0,17.0,32.0,14.0,3.8,50.23,
1,9,23.0,19.0,34.0,11.0,8.9,103.67,
1,10,15.0,24.0,31.0,16.0,8.0,160.0,
1,11,15.0,27.0,31.0,14.0,8.9,49.6,
1,12,13.0,26.0,30.0,12.0,6.6,64.81,
1,13,18.0,26.0,26.0,12.0,8.2,177.6,
1,14,27.0,23.0,22.0,11.0,7.0,172.0,
1,15,27.0,23.0,25.0,11.0,8.4,125.18,
1,16,57.0,15.0,25.0,11.0,3.0,88.84,
1,17,22.0,13.0,30.0,12.0,4.1,39.1,
1,18,24.0,20.0,31.0,14.0,2.2,32.0,
1,19,20.0,15.0,34.0,18.0,8.0,44.97,
1,20,14.0,19.0,33.0,15.0,8.5,51.65,
1,21,11.0,12.0,32.0,18.0,9.5,72.42,
1,22,22.0,12.0,34.0,15.0,8.5,58.26,
1,23,17.0,11.0,32.0,13.0,7.6,26.24,
1,24,16.0,15.0,35.0,16.0,7.1,24.99,
1,25,20.0,12.0,35.0,15.0,3.0,15.19,
1,26,23.0,13.0,35.0,18.0,9.0,32.22,
1,27,16.0,9.0,28.0,18.0,9.2,2176.0,
1,28,12.0,7.0,28.0,15.0,8.5,131.53,
1,29,18.0,8.0,28.0,16.0,4.4,161.54,
1,30,23.0,29.0,26.0,12.0,5.9,158.38,
1,31,17.0,26.0,26.0,14.0,7.5,169.88,
2,1,21.0,7.0,23.0,14.0,0.0,149.49,
2,2,18.0,13.0,36.0,13.0,0.0,110.55,
2,3,18.0,14.0,31.0,14.0,0.0,17.43,
2,4,23.0,12.0,31.0,16.0,0.0,23.31,
2,5,18.0,13.0,32.0,17.0,0.0,19.39,
2,6,19.0,13.0,33.0,19.0,7.4,88.03,
2,7,19.0,11.0,33.0,19.0,7.6,141.03,
2,8,,17.0,31.0,17.0,8.3,105.33,
2,9,10.0,21.0,31.0,16.0,8.5,89.39,
2,10,8.0,20.0,32.0,15.0,8.3,101.29,
2,11,8.0,9.0,32.0,16.0,7.9,82.62,
2,12,8.0,7.0,33.0,14.0,8.8,68.96,
2,13,12.0,9.0,34.0,15.0,9.5,71.7,
2,14,8.0,5.0,33.0,16.0,9.0,95.5,
2,15,19.0,24.0,31.0,15.0,7.8,105.16,
2,16,18.0,13.0,31.0,14.0,8.2,54.68,
2,17,10.0,13.0,34.0,14.0,9.0,30.16,
2,18,10.0,9.0,35.0,17.0,9.2,61.83,
2,19,17.0,7.0,35.0,18.0,8.1,91.11,
2,20,13.0,15.0,32.0,18.0,9.2,182.44,
2,21,10.0,9.0,30.0,18.0,0.0,145.99,
2,22,4.0,14.0,29.0,15.0,3.3,167.04,
2,23,11.0,11.0,30.0,17.0,0.0,140.01,
2,24,8.0,11.0,30.0,15.0,8.7,152.89,
2,25,8.0,13.0,30.0,16.0,7.7,104.28,
2,26,23.0,5.0,33.0,16.0,8.7,104.12,
2,27,10.0,5.0,34.0,16.0,8.7,26.61,
2,28,10.0,33.0,35.0,17.0,8.8,46.83,
3,1,12.0,9.0,36.0,17.0,8.7,44.23,
3,2,11.0,7.0,36.0,18.0,7.7,30.44,
3,3,11.0,11.0,37.0,18.0,9.1,34.48,
3,4,19.0,7.0,37.0,18.0,9.8,39.41,
3,5,25.0,11.0,37.0,18.0,0.0,25.01,
3,6,22.0,29.0,37.0,18.0,10.3,43.49,
3,7,24.0,26.0,37.0,18.0,9.4,60.8,
3,8,26.0,29.0,37.0,18.0,9.6,27.32,
3,9,39.0,28.0,37.0,18.0,0.0,76.68,
3,10,21.0,31.0,36.0,18.0,8.5,106.32,
3,11,28.0,32.0,36.0,20.0,0.0,49.15,
3,12,21.0,35.0,37.0,20.0,0.0,41.0,
3,13,23.0,21.0,37.0,21.0,10.1,169.32,
3,14,16.0,28.0,38.0,18.0,9.1,59.66,
3,15,23.0,4.0,38.0,20.0,8.2,78.46,
3,16,42.0,28.0,37.0,21.0,6.9,73.13,
3,17,12.0,33.0,37.0,23.0,6.1,42.25,
3,18,14.0,33.0,37.0,21.0,0.6,61.28,
3,19,24.0,28.0,38.0,2.0,9.4,41.99,
3,20,26.0,26.0,37.0,20.0,0.0,99.11,
3,21,28.0,39.0,37.0,20.0,3.4,63.64,
3,22,23.0,33.0,37.0,21.0,6.7,148.46,
3,23,15.0,28.0,38.0,21.0,7.9,115.22,
3,24,14.0,33.0,38.0,22.0,8.2,152.58,
3,25,7.0,28.0,38.0,22.0,0.8,61.0,
3,26,9.0,30.0,38.0,21.0,9.9,118.72,
3,27,26.0,33.0,37.0,21.0,0.0,181.1,
3,28,21.0,32.0,38.0,22.0,9.5,111.06,
3,29,15.0,32.0,38.0,22.0,10.2,137.33,
3,30,8.0,23.0,38.0,22.0,9.8,139.09,
3,31,12.0,31.0,39.0,21.0,7.6,116.78,
4,1,11.0,28.0,38.0,22.0,9.0,46.82,
4,2,5.0,24.0,35.0,22.0,0.0,75.57,
4,3,8.0,33.0,37.0,20.0,0.5,351.51,
4,4,5.0,30.0,38.0,21.0,0.0,312.02,
4,5,20.0,27.0,33.0,22.0,2.9,175.22,
4,6,66.0,34.0,33.0,20.0,0.0,149.78,
4,7,42.0,30.0,32.0,22.0,0.0,166.14,
4,8,10.0,28.0,35.0,21.0,6.9,196.24,
4,9,8.0,27.0,37.0,21.0,9.2,156.58,
4,10,19.0,24.0,37.0,20.0,0.8,123.11,
4,11,45.0,28.0,38.0,21.0,6.6,181.15,
4,12,58.0,27.0,38.0,25.0,0.8,272.7,
4,13,58.0,41.0,38.0,23.0,7.6,239.06,
4,14,74.0,47.0,34.0,20.0,9.7,209.67,
4,15,53.0,36.0,37.0,23.0,10.0,220.53,
4,16,56.0,35.0,38.0,24.0,6.5,202.8,
4,17,60.0,35.0,35.0,24.0,7.6,182.62,10.6
4,18,63.0,46.0,37.0,20.0,8.2,205.89,
4,19,65.0,48.0,35.0,24.0,8.2,201.0,
4,20,68.0,50.0,36.0,24.0,8.6,171.28,
4,21,71.0,45.0,36.0,21.0,9.9,275.7,1.4
4,22,69.0,41.0,39.0,25.0,9.0,244.23,
4,23,74.0,35.0,35.0,25.0,9.8,265.6,4.1
4,24,71.0,36.0,36.0,23.0,9.2,274.58,
4,25,70.0,57.0,35.0,24.0,5.5,253.15,
4,26,71.0,49.0,36.0,25.0,9.9,93.12,2.8
4,27,67.0,40.0,33.0,22.0,3.9,142.02,
4,28,74.0,44.0,33.0,23.0,0.0,243.6,
4,29,52.0,37.0,34.0,22.0,8.8,243.61,
4,30,58.0,28.0,33.0,23.0,5.3,243.6,
5,1,76.0,34.0,35.0,24.0,8.7,284.11,34.0
5,2,76.0,30.0,32.0,21.0,5.0,202.27,2.7
5,3,60.0,30.0,32.0,22.0,5.7,105.85,
5,4,76.0,42.0,32.0,24.0,9.4,153.27,
5,5,76.0,28.0,33.0,20.0,11.5,96.4,
5,6,69.0,28.0,33.0,22.0,1.2,67.8,
5,7,77.0,30.0,34.0,22.0,5.2,71.96,
5,8,57.0,34.0,36.0,23.0,3.5,161.94,
5,9,58.0,34.0,34.0,23.0,2.8,149.24,
5,10,71.0,34.0,29.0,24.0,0.0,243.42,
5,11,79.0,34.0,30.0,22.0,10.5,96.01,
5,12,70.0,81.0,34.0,21.0,9.3,339.15,
5,13,64.0,46.0,36.0,22.0,5.5,232.71,
5,14,71.0,48.0,35.0,23.0,6.1,244.14,
5,15,60.0,54.0,34.0,22.0,8.7,218.35,
5,16,76.0,54.0,35.0,22.0,8.7,223.8,11.9
5,17,67.0,45.0,34.0,22.0,8.5,157.3,4.8
5,18,80.0,37.0,34.0,21.0,8.3,169.5,
5,19,76.0,40.0,33.0,23.0,9.9,200.55,
5,20,76.0,42.0,36.0,23.0,10.2,212.96,
5,21,71.0,40.0,35.0,24.0,10.0,202.59,
5,22,71.0,48.0,35.0,24.0,9.9,252.04,
5,23,61.0,37.0,35.0,21.0,8.5,281.03,
5,24,70.0,35.0,36.0,23.0,7.7,229.33,6.8
5,25,67.0,57.0,31.0,20.0,3.3,234.67,
5,26,57.0,46.0,31.0,22.0,8.8,256.8,6.4
5,27,79.0,64.0,32.0,21.0,1.1,59.38,53.5
5,28,91.0,41.0,32.0,20.0,7.2,202.81,
5,29,73.0,28.0,32.0,19.0,6.9,135.26,
5,30,83.0,35.0,34.0,22.0,8.2,132.18,
5,31,84.0,28.0,34.0,23.0,8.2,189.33,
6,1,70.0,28.0,32.0,22.0,8.0,296.77,
6,2,69.0,34.0,32.0,21.0,7.0,189.43,1.0
6,3,76.0,24.0,33.0,20.0,6.0,515.9,
6,4,84.0,34.0,32.0,20.0,9.4,115.6,
6,5,70.0,32.0,34.0,20.0,1.5,322.69,
6,6,70.0,34.0,32.0,22.0,5.5,227.51,10.8
6,7,72.0,30.0,31.0,20.0,9.7,190.73,
6,8,72.0,28.0,31.0,21.0,9.1,226.48,
6,9,77.0,24.0,32.0,21.0,9.1,269.71,
6,10,76.0,44.0,31.0,21.0,6.6,273.97,13.1
6,11,76.0,60.0,31.0,20.0,6.4,143.16,
6,12,86.0,66.0,31.0,22.0,8.5,209.34,
6,13,80.0,62.0,32.0,20.0,10.0,219.65,
6,14,66.0,62.0,32.0,21.0,9.2,234.42,
6,15,66.0,61.0,32.0,22.0,8.6,256.56,37.5
6,16,77.0,60.0,31.0,18.0,8.6,241.51,7.6
6,17,84.0,63.0,30.0,20.0,7.8,261.8,22.7
6,18,75.0,64.0,26.0,18.0,2.1,134.13,20.6
6,19,84.0,70.0,29.0,19.0,6.4,186.45,
6,20,83.0,66.0,30.0,20.0,10.1,224.55,
6,21,83.0,54.0,31.0,20.0,9.5,144.46,33.5
6,22,78.0,62.0,30.0,18.0,8.6,141.88,
6,23,69.0,55.0,32.0,22.0,8.3,186.01,
6,24,83.0,50.0,30.0,22.0,5.5,201.12,18.5
6,25,80.0,54.0,30.0,19.0,6.3,97.97,
6,26,76.0,78.0,32.0,21.0,6.0,117.79,39.6
6,27,81.0,64.0,30.0,18.0,7.2,188.02,
6,28,81.0,66.0,30.0,20.0,5.3,213.28,
6,29,84.0,66.0,30.0,20.0,9.8,195.96,
6,30,84.0,59.0,30.0,20.0,8.5,221.46,27.0
7,1,83.0,62.0,29.0,20.0,8.2,252.1,
7,2,91.0,58.0,29.0,20.0,6.1,143.26,
7,3,91.0,68.0,29.0,19.0,4.2,206.38,
7,4,79.0,59.0,28.0,20.0,1.2,224.24,
7,5,87.0,62.0,27.0,22.0,4.1,211.46,
7,6,76.0,56.0,28.0,21.0,7.2,132.39,
7,7,84.0,60.0,31.0,20.0,4.3,180.48,26.2
7,8,87.0,60.0,29.0,20.0,8.1,150.16,27.7
7,9,91.0,73.0,28.0,19.0,9.4,140.29,
7,10,88.0,62.0,30.0,21.0,5.9,136.73,
7,11,76.0,59.0,30.0,21.0,8.7,188.92,
7,12,84.0,54.0,29.0,22.0,5.6,265.06,
7,13,83.0,54.0,29.0,21.0,7.7,241.73,
7,14,92.0,59.0,29.0,21.0,4.3,219.5,12.3
7,15,83.0,54.0,29.0,18.0,10.5,111.6,
7,16,77.0,54.0,30.0,20.0,6.7,133.08,
7,17,83.0,60.0,29.0,20.0,4.1,207.67,3.6
7,18,84.0,59.0,30.0,19.0,7.7,186.12,2.2
7,19,91.0,54.0,28.0,20.0,3.3,152.64,
7,20,87.0,70.0,30.0,22.0,5.2,134.71,43.4
7,21,87.0,67.0,28.0,21.0,3.7,189.76,
7,22,87.0,84.0,27.0,21.0,2.6,163.17,
7,23,83.0,75.0,28.0,20.0,4.0,144.27,
7,24,87.0,76.0,29.0,20.0,6.3,190.56,3.0
7,25,83.0,65.0,28.0,19.0,9.0,199.5,
7,26,80.0,72.0,30.0,21.0,8.6,170.69,1.1
7,27,83.0,68.0,29.0,21.0,6.2,181.85,
7,28,80.0,70.0,30.0,21.0,7.2,158.56,49.7
7,29,84.0,74.0,29.0,19.0,9.0,272.45,
7,30,77.0,65.0,28.0,21.0,8.5,239.31,
7,31,86.0,70.0,29.0,21.0,3.9,196.26,
8,1,81.0,69.0,28.0,20.0,4.7,202.56,
8,2,91.0,73.0,27.0,21.0,3.5,201.8,1.5
8,3,87.0,77.0,28.0,21.0,0.3,186.2,13.1
8,4,92.0,73.0,26.0,21.0,6.4,150.95,11.1
8,5,93.0,60.0,27.0,19.0,0.0,192.98,18.6
8,6,90.0,75.0,25.0,20.0,0.7,144.69,8.6
8,7,87.0,91.0,25.0,20.0,5.5,155.64,9.4
8,8,91.0,80.0,27.0,20.0,8.7,164.1,
8,9,84.0,75.0,28.0,20.0,0.0,174.3,31.2
8,10,91.0,70.0,25.0,19.0,4.6,207.6,
8,11,83.0,84.0,28.0,20.0,5.6,147.4,
8,12,91.0,84.0,27.0,20.0,0.4,147.32,10.0
8,13,81.0,66.0,27.0,19.0,0.0,140.61,6.4
8,14,78.0,58.0,29.0,19.0,7.0,92.71,
8,15,84.0,83.0,29.0,21.0,2.5,104.32,30.8
8,16,84.0,84.0,26.0,18.0,5.5,131.86,
8,17,83.0,84.0,27.0,20.0,5.6,135.7,
8,18,84.0,76.0,27.0,20.0,3.2,64.21,12.8
8,19,75.0,76.0,27.0,19.0,0.0,160.0,2.5
8,20,84.0,75.0,27.0,19.0,0.8,124.05,
8,21,83.0,85.0,27.0,19.0,2.1,135.92,5.0
8,22,84.0,83.0,27.0,22.0,2.4,95.54,12.2
8,23,84.0,91.0,28.0,20.0,1.2,111.38,30.0
8,24,91.0,83.0,27.0,20.0,1.7,133.9,1.0
8,25,83.0,91.0,27.0,18.0,5.4,115.94,2.0
8,26,84.0,91.0,28.0,20.0,10.1,77.34,2.2
8,27,84.0,84.0,29.0,20.0,8.2,201.99,
8,28,79.0,73.0,28.0,20.0,83.0,59.66,2.8
8,29,87.0,74.0,28.0,20.0,4.0,176.94,
8,30,79.0,76.0,30.0,20.0,8.8,94.5,3.7
8,31,84.0,71.0,30.0,21.0,5.5,97.9,0.4
9,1,76.0,84.0,29.0,20.0,5.1,97.55,
9,2,85.0,69.0,30.0,19.0,9.0,131.88,
9,3,79.0,64.0,30.0,19.0,8.1,115.52,1.8
9,4,95.0,62.0,29.0,21.0,0.1,153.12,0.4
9,5,86.0,67.0,25.0,20.0,4.0,110.51,0.8
9,6,88.0,71.0,29.0,19.0,5.0,118.17,2.2
9,7,91.0,54.0,29.0,18.0,0.0,165.9,2.6
9,8,91.0,62.0,26.0,20.0,2.5,154.94,10.8
9,9,91.0,91.0,28.0,20.0,1.9,116.85,3.0
9,10,84.0,68.0,27.0,18.0,8.4,165.7,
9,11,91.0,83.0,29.0,20.0,4.7,139.09,1.2
9,12,80.0,77.0,30.0,19.0,7.4,73.98,7.5
9,13,87.0,82.0,29.0,20.0,5.1,100.64,21.8
9,14,88.0,76.0,27.0,18.0,0.0,74.64,5.0
9,15,91.0,68.0,29.0,20.0,1.4,81.9,
9,16,87.0,73.0,26.0,20.0,1.3,148.04,
9,17,83.0,76.0,28.0,20.0,7.1,134.04,
9,18,84.0,77.0,29.0,20.0,7.7,18.5,3.1
9,19,76.0,76.0,29.0,17.0,8.1,51.32,4.3
9,20,74.0,77.0,30.0,20.0,3.6,43.18,14.6
9,21,75.0,77.0,30.0,19.0,5.1,103.87,
9,22,83.0,76.0,29.0,20.0,1.5,37.1,
9,23,84.0,80.0,30.0,20.0,7.1,78.08,
9,24,70.0,84.0,30.0,20.0,10.5,67.87,
9,25,84.0,84.0,31.0,20.0,8.5,45.78,
9,26,77.0,70.0,32.0,20.0,5.7,51.06,
9,27,76.0,77.0,30.0,20.0,5.0,85.6,
9,28,80.0,77.0,31.0,20.0,6.0,81.2,2.1
9,29,76.0,77.0,31.0,20.0,7.2,68.21,1.3
9,30,70.0,77.0,31.0,20.0,7.6,65.2,
10,1,70.0,71.0,31.0,19.0,2.8,49.39,
10,2,78.0,71.0,30.0,19.0,4.5,112.81,14.2
10,3,87.0,70.0,25.0,19.0,0.3,60.6,7.3
10,4,91.0,83.0,28.0,18.0,9.0,60.18,
10,5,77.0,84.0,31.0,20.0,7.7,72.67,2.1
10,6,73.0,74.0,30.0,19.0,8.6,52.72,
10,7,84.0,71.0,32.0,20.0,9.0,70.43,
10,8,70.0,72.0,31.0,20.0,6.3,57.97,
10,9,73.0,63.0,32.0,19.0,3.6,53.0,2.1
10,10,77.0,70.0,30.0,19.0,7.9,91.75,0.5
10,11,77.0,91.0,31.0,17.0,6.7,74.11,
10,12,81.0,59.0,31.0,19.0,7.0,93.6,2.5
10,13,91.0,57.0,31.0,19.0,6.5,74.71,
10,14,74.0,57.0,31.0,20.0,6.3,82.24,
10,15,66.0,66.0,30.0,19.0,4.8,92.41,20.8
10,16,91.0,53.0,28.0,18.0,8.0,63.7,
10,17,70.0,80.0,30.0,18.0,5.7,64.99,
10,18,71.0,59.0,31.0,19.0,9.1,67.9,13.8
10,19,75.0,91.0,31.0,18.0,8.8,81.71,
10,20,82.0,59.0,32.0,19.0,10.5,74.31,
10,21,77.0,64.0,31.0,18.0,8.5,94.86,
10,22,84.0,63.0,31.0,18.0,7.2,67.76,
10,23,86.0,66.0,33.0,19.0,7.8,51.63,5.6
10,24,74.0,70.0,32.0,19.0,7.8,48.0,
10,25,72.0,57.0,33.0,19.0,8.0,62.22,0.3
10,26,68.0,58.0,33.0,20.0,9.2,106.12,
10,27,74.0,39.0,31.0,20.0,9.8,63.84,
10,28,70.0,46.0,32.0,18.0,9.1,72.81,
10,29,77.0,60.0,32.0,20.0,9.1,136.23,
10,30,71.0,55.0,32.0,20.0,10.8,54.77,
10,31,67.0,44.0,32.0,20.0,8.5,66.45,
11,1,84.0,66.0,31.0,16.0,8.8,45.61,
11,2,66.0,83.0,31.0,24.0,10.2,59.27,
11,3,52.0,56.0,32.0,15.0,8.2,68.2,
11,4,56.0,30.0,31.0,14.0,9.3,99.16,
11,5,45.0,58.0,32.0,14.0,10.0,83.78,
11,6,56.0,45.0,31.0,13.0,10.9,131.09,
11,7,38.0,49.0,31.0,12.0,9.8,112.36,
11,8,47.0,38.0,31.0,13.0,10.5,117.4,
11,9,49.0,39.0,31.0,12.0,10.4,116.79,
11,10,38.0,40.0,30.0,11.0,9.3,111.4,
11,11,25.0,34.0,30.0,11.0,10.2,82.7,
11,12,43.0,26.0,31.0,11.0,10.2,81.21,
11,13,36.0,39.0,31.0,12.0,9.9,64.29,
11,14,30.0,30.0,31.0,12.0,10.8,82.53,
11,15,22.0,39.0,32.0,12.0,10.7,100.06,
11,16,44.0,33.0,31.0,12.0,8.7,103.91,
11,17,34.0,39.0,30.0,14.0,6.5,128.42,
11,18,31.0,29.0,29.0,15.0,6.8,116.62,
11,19,27.0,18.0,30.0,12.0,10.3,127.38,
11,20,27.0,24.0,30.0,13.0,9.5,149.24,
11,21,24.0,38.0,30.0,13.0,9.1,144.47,
11,22,17.0,25.0,29.0,15.0,9.3,153.48,
11,23,20.0,29.0,28.0,15.0,7.0,185.31,
11,24,39.0,22.0,27.0,15.0,7.1,105.19,
11,25,12.0,30.0,27.0,10.0,7.2,273.28,
11,26,15.0,46.0,28.0,12.0,9.1,54.73,
11,27,28.0,67.0,30.0,12.0,9.4,116.17,
11,28,31.0,31.0,31.0,13.0,10.2,157.61,
11,29,24.0,25.0,29.0,14.0,8.7,140.5,
11,30,8.0,25.0,29.0,14.0,7.9,151.5,
12,1,9.0,9.0,30.0,13.0,7.7,124.1,
12,2,40.0,16.0,30.0,14.0,9.7,186.59,
12,3,29.0,32.0,29.0,14.0,8.3,116.3,
12,4,34.0,24.0,26.0,13.0,5.9,291.51,
12,5,43.0,8.0,25.0,13.0,0.0,234.61,
12,6,31.0,35.0,23.0,11.0,0.0,242.01,
12,7,31.0,18.0,25.0,10.0,7.0,236.26,
12,8,43.0,19.0,25.0,11.0,1.2,260.98,
12,9,44.0,25.0,25.0,11.0,0.0,266.08,
12,10,45.0,15.0,25.0,11.0,0.4,237.72,
12,11,41.0,21.0,25.0,11.0,5.2,299.18,
12,12,41.0,7.0,22.0,11.0,7.1,160.78,
12,13,43.0,20.0,27.0,10.0,8.1,227.12,
12,14,37.0,24.0,27.0,10.0,9.2,152.02,
12,15,33.0,33.0,28.0,10.0,9.8,238.24,
12,16,45.0,63.0,28.0,10.0,10.0,273.88,
12,17,43.0,33.0,28.0,10.0,7.0,262.21,
12,18,40.0,38.0,26.0,11.0,5.8,261.69,
12,19,43.0,48.0,25.0,11.0,2.3,223.6,
12,20,36.0,29.0,26.0,11.0,7.3,285.34,
12,21,40.0,15.0,26.0,10.0,8.8,202.37,
12,22,42.0,16.0,28.0,10.0,9.0,184.72,
12,23,10.0,33.0,29.0,10.0,9.0,125.82,
12,24,43.0,28.0,30.0,11.0,7.2,147.92,
12,25,42.0,33.0,29.0,11.0,10.2,83.16,
12,26,53.0,31.0,30.0,11.0,8.2,146.21,
12,27,28.0,23.0,29.0,10.0,8.1,151.93,
12,28,43.0,31.0,29.0,11.0,7.7,141.84,
12,29,27.0,29.0,29.0,13.0,9.7,164.93,
12,30,36.0,19.0,26.0,10.0,3.4,168.52,
12,31,32.0,25.0,26.0,12.0,,124.45,
1,1,13.0,10.0,30.0,15.0,10.0,214.08,
1,2,22.0,11.0,28.0,14.0,7.6,162.93,
1,3,22.0,10.0,29.0,12.0,6.8,170.68,
1,4,15.0,18.0,30.0,13.0,9.3,107.34,
1,5,15.0,14.0,32.0,12.0,7.2,71.55,
1,6,11.0,12.0,35.0,13.0,10.0,80.21,
1,7,8.0,14.0,33.0,12.0,9.7,102.18,
1,8,10.0,9.0,37.0,12.0,9.5,92.52,
1,9,10.0,9.0,36.0,12.0,9.9,76.52,
1,10,11.0,15.0,36.0,13.0,8.9,56.1,
1,11,37.0,15.0,37.0,12.0,9.3,60.78,
1,12,20.0,20.0,38.0,14.0,9.9,72.57,
1,13,12.0,14.0,36.0,16.0,9.4,84.05,
1,14,12.0,15.0,37.0,14.0,10.2,97.42,
1,15,12.0,15.0,37.0,13.0,10.4,141.54,
1,16,12.0,15.0,36.0,13.0,10.6,122.3,
1,17,12.0,11.0,29.0,14.0,10.7,110.97,
1,18,12.0,7.0,36.0,17.0,9.3,90.32,
1,19,23.0,13.0,37.0,16.0,7.0,74.4,
1,20,25.0,30.0,34.0,18.0,4.8,83.79,
1,21,20.0,21.0,33.0,14.0,7.2,74.5,
1,22,13.0,13.0,31.0,14.0,6.9,178.08,
1,23,13.0,22.0,30.0,15.0,8.6,196.22,
1,24,14.0,12.0,27.0,14.0,5.7,110.27,
1,25,20.0,16.0,32.0,13.0,6.3,83.62,
1,26,18.0,17.0,35.0,15.0,6.7,60.19,
1,27,16.0,19.0,37.0,16.0,8.3,94.38,
1,28,8.0,24.0,35.0,16.0,8.7,116.86,
1,29,6.0,13.0,35.0,16.0,8.9,123.71,
1,30,8.0,13.0,36.0,16.0,10.4,118.2,
1,31,10.0,9.0,34.0,14.0,7.6,126.81,
2,1,6.0,11.0,35.0,15.0,10.8,120.81,
2,2,8.0,9.0,37.0,14.0,10.3,98.95,
2,3,6.0,7.0,36.0,15.0,10.2,84.79,
2,4,8.0,11.0,38.0,16.0,10.1,136.09,
2,5,4.0,13.0,38.0,17.0,9.0,116.67,
2,6,9.0,4.0,38.0,12.0,10.2,106.26,
2,7,10.0,9.0,39.0,14.0,10.3,92.81,
2,8,28.0,7.0,34.0,15.0,10.5,76.29,
2,9,8.0,5.0,39.0,15.0,9.5,206.33,
2,10,11.0,7.0,34.0,19.0,8.0,172.76,
2,11,9.0,9.0,32.0,17.0,0.0,144.1,
2,12,10.0,7.0,34.0,15.0,5.3,90.56,
2,13,10.0,10.0,35.0,17.0,0.0,67.36,
2,14,13.0,11.0,37.0,16.0,8.9,108.78,
2,15,5.0,7.0,37.0,18.0,9.4,122.46,
2,16,7.0,9.0,37.0,19.0,9.1,143.65,
2,17,6.0,7.0,36.0,19.0,9.4,119.54,
2,18,8.0,7.0,37.0,18.0,7.0,125.15,
2,19,5.0,9.0,37.0,17.0,8.8,127.16,
2,20,7.0,7.0,37.0,18.0,9.1,182.51,
2,21,8.0,9.0,36.0,19.0,8.2,176.75,
2,22,8.0,7.0,37.0,19.0,7.1,105.91,
2,23,12.0,11.0,38.0,17.0,9.6,131.0,
2,24,17.0,9.0,37.0,19.0,8.9,115.91,
2,25,15.0,15.0,37.0,19.0,7.4,136.56,
2,26,11.0,15.0,36.0,18.0,7.7,205.21,
2,27,6.0,9.0,34.0,18.0,10.1,215.42,
2,28,9.0,5.0,34.0,17.0,7.6,201.17,
3,1,11.0,5.0,34.0,19.0,4.8,116.14,
3,2,8.0,9.0,34.0,17.0,5.7,161.33,
3,3,4.0,6.0,37.0,16.0,7.2,195.16,
3,4,4.0,23.0,38.0,20.0,7.6,104.96,
3,5,8.0,7.0,40.0,17.0,8.3,67.57,
3,6,10.0,9.0,40.0,17.0,6.5,94.4,
3,7,31.0,9.0,39.0,20.0,4.3,100.09,
3,8,9.0,16.0,39.0,18.0,7.7,113.94,
3,9,9.0,5.0,36.0,19.0,7.8,203.85,
3,10,9.0,5.0,35.0,17.0,3.8,161.96,
3,11,8.0,8.0,35.0,18.0,5.0,144.91,
3,12,5.0,9.0,37.0,18.0,7.6,126.23,
3,13,5.0,11.0,38.0,20.0,6.6,211.45,
3,14,13.0,7.0,37.0,21.0,8.0,208.87,
3,15,8.0,14.0,37.0,23.0,6.6,181.9,
3,16,8.0,9.0,38.0,18.0,7.6,120.85,
3,17,13.0,13.0,38.0,18.0,8.8,94.99,
3,18,28.0,13.0,39.0,16.0,9.2,134.31,
3,19,32.0,9.0,38.0,23.0,5.1,102.24,
3,20,12.0,11.0,39.0,21.0,7.1,192.53,
3,21,5.0,7.0,39.0,23.0,8.2,177.66,
3,22,7.0,7.0,40.0,21.0,9.0,100.72,
3,23,8.0,5.0,40.0,18.0,8.7,152.54,
3,24,10.0,9.0,39.0,21.0,5.7,203.95,
3,25,12.0,9.0,38.0,22.0,6.6,223.8,
3,26,8.0,9.0,38.0,21.0,7.7,233.91,
3,27,4.0,5.0,38.0,21.0,6.6,204.36,
3,28,3.0,7.0,39.0,23.0,6.8,152.29,
3,29,6.0,7.0,40.0,23.0,6.1,166.3,
3,30,6.0,11.0,39.0,22.0,2.6,107.17,
3,31,7.0,23.0,40.0,18.0,7.4,101.59,
4,1,33.0,23.0,40.0,20.0,7.0,122.26,
4,2,25.0,24.0,38.0,21.0,8.1,206.16,
4,3,55.0,18.0,40.0,24.0,8.4,164.2,
4,4,35.0,21.0,34.0,25.0,7.1,278.58,
4,5,36.0,30.0,38.0,22.0,7.6,235.25,
4,6,48.0,30.0,38.0,24.0,5.0,185.51,
4,7,48.0,18.0,40.0,23.0,9.3,202.04,
4,8,48.0,25.0,40.0,23.0,10.1,177.6,
4,9,44.0,19.0,40.0,24.0,9.9,233.87,
4,10,46.0,10.0,38.0,23.0,10.6,191.73,
4,11,25.0,30.0,39.0,23.0,10.3,172.89,
4,12,43.0,36.0,40.0,24.0,7.1,221.86,
4,13,55.0,30.0,38.0,23.0,8.2,170.92,
4,14,56.0,33.0,39.0,24.0,7.4,211.64,
4,15,52.0,41.0,40.0,26.0,5.9,210.64,
4,16,42.0,44.0,40.0,22.0,9.4,211.95,
4,17,58.0,25.0,38.0,24.0,9.7,247.41,
4,18,65.0,30.0,37.0,24.0,0.0,268.32,
4,19,46.0,58.0,38.0,22.0,8.9,206.69,8.3
4,20,61.0,69.0,38.0,22.0,10.3,109.27,
4,21,52.0,23.0,33.0,23.0,3.8,214.789,6.0
4,22,42.0,56.0,39.0,19.0,10.7,175.54,
4,23,52.0,29.0,40.0,23.0,10.1,207.63,2.2
4,24,58.0,29.0,37.0,22.0,5.0,193.02,
4,25,55.0,35.0,38.0,24.0,7.8,124.42,3.8
4,26,48.0,35.0,37.0,23.0,9.5,158.58,
4,27,57.0,31.0,39.0,24.0,8.3,164.34,
4,28,58.0,23.0,39.0,24.0,10.5,175.75,
4,29,60.0,29.0,40.0,24.0,10.8,221.08,
4,30,57.0,31.0,38.0,26.0,10.3,222.21,
5,1,44.0,28.0,40.0,23.0,9.7,243.22,
5,2,60.0,30.0,36.0,26.0,9.5,244.06,
5,3,44.0,30.0,39.0,21.0,8.0,196.92,7.1
5,4,61.0,31.0,31.0,23.0,4.1,150.63,18.0
5,5,59.0,93.0,33.0,21.0,2.1,144.99,
5,6,69.0,56.0,33.0,22.0,10.2,204.5,
5,7,68.0,70.0,35.0,21.0,9.2,159.37,
5,8,65.0,41.0,35.0,23.0,6.3,173.85,22.2
5,9,91.0,52.0,29.0,20.0,2.2,82.2,
5,10,71.0,61.0,34.0,21.0,10.8,114.29,
5,11,66.0,56.0,36.0,22.0,10.9,124.98,
5,12,56.0,48.0,37.0,22.0,11.5,102.49,
5,13,59.0,40.0,36.0,23.0,11.0,141.72,
5,14,53.0,40.0,38.0,23.0,11.5,187.5,
5,15,51.0,53.0,35.0,22.0,10.9,163.78,13.3
5,16,53.0,44.0,36.0,21.0,7.5,116.59,
5,17,54.0,36.0,37.0,21.0,10.6,143.33,
5,18,54.0,30.0,37.0,22.0,9.8,154.22,
5,19,54.0,30.0,38.0,23.0,7.8,157.05,
5,20,60.0,35.0,38.0,23.0,3.0,164.74,
5,21,66.0,26.0,36.0,23.0,8.2,167.81,
5,22,63.0,36.0,38.0,23.0,8.3,183.65,
5,23,56.0,24.0,37.0,24.0,8.6,154.56,
5,24,60.0,44.0,38.0,24.0,7.8,182.19,
5,25,68.0,36.0,30.0,23.0,6.7,159.56,1.9
5,26,62.0,53.0,38.0,20.0,8.9,136.83,
5,27,57.0,46.0,28.0,23.0,10.1,217.9,
5,28,67.0,49.0,36.0,23.0,8.9,165.23,
5,29,57.0,48.0,35.0,23.0,5.0,180.75,22.6
5,30,70.0,93.0,35.0,19.0,5.2,110.9,
5,31,69.0,50.0,36.0,21.0,10.6,123.8,
6,1,69.0,32.0,38.0,22.0,10.4,154.96,
6,2,72.0,33.0,37.0,23.0,9.6,220.22,
6,3,66.0,42.0,38.0,22.0,10.4,218.15,
6,4,60.0,39.0,37.0,22.0,8.7,150.8,19.6
6,5,87.0,36.0,30.0,18.0,2.4,223.56,
6,6,70.0,75.0,34.0,22.0,11.0,185.42,
6,7,65.0,49.0,36.0,23.0,8.8,189.46,7.1
6,8,77.0,88.0,28.0,21.0,10.4,222.07,3.5
6,9,76.0,56.0,32.0,20.0,7.8,216.54,5.2
6,10,89.0,64.0,28.0,20.0,3.3,138.35,4.1
6,11,83.0,67.0,31.0,19.0,4.4,107.01,
6,12,60.0,56.0,33.0,22.0,10.5,178.13,
6,13,73.0,61.0,35.0,21.0,9.2,148.47,
6,14,63.0,61.0,35.0,22.0,9.7,220.87,
6,15,61.0,57.0,31.0,22.0,2.8,153.3,
6,16,69.0,58.0,32.0,21.0,8.9,213.13,
6,17,67.0,64.0,35.0,21.0,10.4,192.9,
6,18,57.0,45.0,35.0,23.0,9.5,228.08,12.6
6,19,69.0,54.0,32.0,20.0,9.4,192.62,
6,20,75.0,50.0,33.0,21.0,7.8,95.0,3.0
6,21,86.0,93.0,32.0,19.0,8.8,171.9,
6,22,59.0,67.0,32.0,23.0,3.9,185.8,
6,23,75.0,56.0,33.0,22.0,8.5,201.84,
6,24,79.0,55.0,32.0,22.0,8.6,125.98,6.4
6,25,49.0,50.0,34.0,21.0,8.2,211.41,5.9
6,26,81.0,,37.0,18.0,4.9,123.06,
6,27,77.0,53.0,30.0,20.0,8.7,192.34,
6,28,73.0,51.0,33.0,20.0,7.8,198.6,13.2
6,29,76.0,52.0,32.0,19.0,7.0,239.66,
6,30,74.0,52.0,31.0,21.0,10.2,164.58,8.9
7,1,83.0,56.0,30.0,18.0,5.7,128.83,
7,2,71.0,66.0,34.0,18.0,,152.53,
7,3,53.0,51.0,34.0,20.0,10.9,230.3,16.5
7,4,58.0,58.0,33.0,21.0,8.4,132.21,
7,5,60.0,52.0,33.0,20.0,8.1,118.35,
7,6,62.0,54.0,34.0,18.0,10.0,172.11,13.1
7,7,72.0,55.0,31.0,19.0,9.5,196.9,
7,8,66.0,66.0,32.0,22.0,9.3,174.25,37.4
7,9,83.0,60.0,28.0,18.0,1.8,184.57,13.4
7,10,69.0,95.0,30.0,19.0,11.0,181.05,
7,11,76.0,59.0,34.0,20.0,10.6,227.26,
7,12,64.0,61.0,33.0,19.0,7.7,152.97,13.8
7,13,82.0,54.0,28.0,19.0,5.7,138.62,5.7
7,14,76.0,97.0,31.0,21.0,10.7,149.53,
7,15,80.0,61.0,31.0,21.0,8.7,137.64,
7,16,71.0,63.0,33.0,22.0,9.5,183.76,15.5
7,17,76.0,63.0,30.0,19.0,9.2,178.33,
7,18,76.0,65.0,33.0,21.0,8.9,124.3,
7,19,62.0,60.0,32.0,20.0,7.2,112.04,
7,20,68.0,58.0,31.0,21.0,6.8,91.79,8.1
7,21,73.0,59.0,31.0,18.0,5.9,267.85,
7,22,77.0,70.0,32.0,22.0,10.2,135.22,2.0
7,23,77.0,65.0,32.0,22.0,,153.28,
7,24,71.0,67.0,29.0,22.0,3.8,216.71,
7,25,77.0,72.0,30.0,20.0,6.2,168.99,31.6
7,26,86.0,68.0,29.0,19.0,2.4,108.55,
7,27,86.0,69.0,27.0,21.0,2.6,121.73,30.4
7,28,78.0,71.0,31.0,19.0,8.3,130.58,
7,29,70.0,76.0,32.0,21.0,5.1,127.13,41.8
7,30,85.0,99.0,32.0,19.0,5.7,185.03,35.1
7,31,87.0,79.0,30.0,21.0,4.0,160.12,20.6
8,1,86.0,63.0,29.0,20.0,9.0,142.18,
8,2,71.0,71.0,32.0,21.0,,132.75,30.6
8,3,90.0,64.0,30.0,20.0,2.7,112.09,
8,4,74.0,70.0,30.0,22.0,6.1,115.568,
8,5,88.0,62.0,26.0,22.0,1.0,124.13,22.4
8,6,83.0,94.0,30.0,19.0,6.5,101.34,
8,7,75.0,69.0,33.0,21.0,9.0,119.89,13.7
8,8,75.0,61.0,33.0,20.0,7.7,151.25,
8,9,83.0,66.0,30.0,23.0,4.7,193.83,13.0
8,10,87.0,70.0,30.0,19.0,7.4,125.12,
8,11,76.0,68.0,29.0,22.0,5.9,115.53,54.2
8,12,72.0,93.0,31.0,18.0,7.3,93.2,96.0
8,13,85.0,61.0,27.0,19.0,0.8,105.56,3.6
8,14,79.0,67.0,31.0,21.0,5.0,104.54,1.1
8,15,76.0,65.0,30.0,19.0,7.6,131.29,21.7
8,16,74.0,71.0,31.0,19.0,6.5,89.98,3.7
8,17,83.0,69.0,30.0,22.0,1.8,68.24,7.6
8,18,81.0,59.0,31.0,19.0,7.0,87.4,37.3
8,19,85.0,67.0,29.0,19.0,3.4,82.94,3.6
8,20,84.0,68.0,28.0,20.0,7.2,115.01,4.1
8,21,75.0,66.0,32.0,25.0,7.1,93.73,
8,22,81.0,58.0,31.0,22.0,2.8,135.78,4.3
8,23,83.0,69.0,32.0,21.0,6.5,133.76,2.4
8,24,84.0,73.0,32.0,21.0,4.3,126.7,58.7
8,25,72.0,100.0,31.0,18.0,8.8,106.53,
8,26,81.0,68.0,31.0,21.0,7.1,148.62,
8,27,76.0,66.0,27.0,22.0,2.0,140.42,30.0
8,28,83.0,68.0,25.0,18.0,0.0,73.74,23.4
8,29,83.0,,27.0,19.0,9.0,140.42,
8,30,98.0,68.0,31.0,21.0,6.8,129.25,8.3
8,31,76.0,95.0,30.0,20.0,9.9,158.64,
9,1,73.0,60.0,31.0,19.0,8.1,61.34,5.3
9,2,73.0,60.0,30.0,21.0,4.1,57.06,5.8
9,3,75.0,78.0,32.0,19.0,6.5,99.82,2.8
9,4,85.0,76.0,30.0,20.0,5.5,84.1,11.8
9,5,80.0,,31.0,18.0,7.2,101.2,70.2
9,6,98.0,65.0,31.0,18.0,4.2,80.49,2.3
9,7,67.0,68.0,32.0,19.0,10.2,101.68,
9,8,81.0,60.0,31.0,21.0,6.2,99.49,
9,9,73.0,63.0,32.0,22.0,9.9,45.74,
9,10,67.0,53.0,30.0,20.0,6.7,103.56,
9,11,81.0,73.0,32.0,20.0,7.4,103.5,
9,12,76.0,57.0,27.0,20.0,6.6,125.37,30.4
9,13,69.0,73.0,34.0,19.0,6.3,101.28, 
9,14,79.0,60.0,34.0,22.0,6.1,106.84,6.1
9,15,84.0,60.0,31.0,19.0,4.2,95.98,7.7
9,16,90.0,76.0,32.0,20.0,8.3,90.69, 
9,17,70.0,65.0,34.0,21.0,8.6,123.39,
9,18,76.0,62.0,34.0,21.0,6.5,139.5,
9,19,76.0,59.0,30.0,22.0,2.7,124.31,4.8
9,20,76.0,69.0,32.0,19.0,7.2,118.17,43.8
9,21,80.0,75.0,31.0,18.0,5.1,132.37,8.6
9,22,69.0,66.0,31.0,19.0,6.7,77.95, 
9,23,81.0,63.0,33.0,22.0,9.0,67.29,
9,24,69.0,60.0,34.0,21.0,8.1,106.13,
9,25,67.0,53.0,33.0,21.0,5.6,119.88,
9,26,73.0,68.0,33.0,21.0,8.9,122.06,5.0
9,27,63.0,58.0,33.0,19.0,6.1,142.25,2.1
9,28,71.0,64.0,31.0,19.0,3.1,84.27, 
9,29,75.0,68.0,33.0,20.0,8.5,85.41, 
9,30,68.0,58.0,34.0,21.0,8.5,105.59,
10,1,66.0,69.0,34.0,20.0,6.3,99.56,
10,2,81.0,59.0,34.0,21.0,7.4,123.38,
10,3,76.0,44.0,34.0,22.0,7.0,106.99,
10,4,60.0,61.0,34.0,21.0,5.1,123.96,2.0
10,5,76.0,66.0,34.0,18.0,7.1,113.09,
10,6,72.0,56.0,34.0,19.0,6.3,150.6,
10,7,75.0,53.0,31.0,21.0,4.2,144.57,10.8
10,8,80.0,97.0,31.0,19.0,9.0,160.18,
10,9,67.0,61.0,33.0,19.0,8.1,107.56, 
10,10,76.0,63.0,33.0,21.0,9.3,112.17, 
10,11,73.0,62.0,34.0,21.0,7.0,98.99, 
10,12,65.0,50.0,31.0,21.0,1.4,110.58,81.8
10,13,68.0,91.0,32.0,19.0,6.7,76.47,1.3
10,14,77.0,64.0,32.0,20.0,6.6,84.03,4.0
10,15,84.0,66.0,33.0,20.0,6.9,85.4,
10,16,72.0,70.0,33.0,20.0,,126.7,
10,17,79.0,47.0,34.0,21.0,7.3,134.81, 
10,18,76.0,62.0,33.0,22.0,7.4,148.62, 
10,19,83.0,60.0,34.0,22.0,8.7,133.01,
10,20,63.0,60.0,30.0,20.0,3.6,159.2,34.6
10,21,76.0,64.0,31.0,18.0,7.7,60.06,17.2
10,22,74.0,64.0,33.0,22.0,8.3,76.65,
10,23,71.0,58.0,33.0,21.0,7.6,74.39,
10,24,66.0,59.0,32.0,22.0,6.1,132.6,
10,25,66.0,64.0,34.0,21.0,4.8,76.81,
10,26,66.0,58.0,33.0,19.0,7.5,82.54,
10,27,79.0,60.0,31.0,21.0,4.0,77.75,
10,28,66.0,60.0,34.0,19.0,6.0,80.39,
10,29,68.0,68.0,30.0,19.0,5.2,53.53,
10,30,68.0,64.0,33.0,21.0,7.5,86.85,
10,31,33.0,62.0,34.0,18.0,8.7,96.08,
11,1,30.0,25.0,33.0,17.0,7.7,99.7,
11,2,27.0,20.0,33.0,16.0,9.3,86.33,
11,3,32.0,32.0,33.0,14.0,8.7,75.08,
11,4,43.0,36.0,34.0,14.0,8.7,19.65,
11,5,44.0,35.0,34.0,18.0,8.7,54.61,
11,6,51.0,46.0,35.0,16.0,9.5,61.92,
11,7,51.0,37.0,35.0,16.0,9.1,58.63,
11,8,61.0,36.0,36.0,16.0,9.1,106.72,
11,9,74.0,26.0,35.0,20.0,7.1,115.59,
11,10,75.0,51.0,34.0,19.0,6.5,56.24,
11,11,63.0,43.0,35.0,18.0,5.3,96.97,
11,12,71.0,53.0,35.0,17.0,9.0,69.67,
11,13,67.0,41.0,35.0,17.0,6.5,84.37,
11,14,43.0,48.0,34.0,13.0,8.7,98.47,
11,15,24.0,42.0,33.0,15.0,6.5,184.31,
11,16,24.0,26.0,30.0,14.0,7.6,150.92,
11,17,27.0,27.0,29.0,14.0,7.2,187.75,
11,18,26.0,22.0,30.0,14.0,8.1,143.66,
11,19,20.0,30.0,30.0,13.0,8.4,132.66,
11,20,26.0,27.0,30.0,13.0,8.9,145.32,
11,21,26.0,34.0,31.0,12.0,9.6,139.99,
11,22,27.0,17.0,31.0,12.0,8.1,103.63,
11,23,23.0,18.0,32.0,12.0,8.1,164.01,
11,24,22.0,23.0,31.0,16.0,6.0,129.89,
11,25,26.0,32.0,32.0,13.0,7.9,284.24,
11,26,29.0,25.0,30.0,13.0,7.9,125.45,
11,27,22.0,31.0,30.0,13.0,8.5,130.15,
11,28,24.0,17.0,30.0,13.0,9.0,109.23,
11,29,18.0,13.0,30.0,13.0,8.8,201.19,
11,30,28.0,21.0,31.0,13.0,9.1,150.24,
12,1,19.0,21.0,33.0,15.0,8.0,123.14,
12,2,19.0,20.0,32.0,13.0,8.6,104.23,
12,3,15.0,25.0,32.0,12.0,8.0,123.0,
12,4,17.0,19.0,33.0,15.0,8.9,123.98,
12,5,18.0,14.0,33.0,13.0,9.6,149.62,
12,6,14.0,14.0,32.0,14.0,9.7,108.43,
12,7,15.0,22.0,32.0,13.0,8.2,138.14,
12,8,11.0,12.0,31.0,14.0,8.1,138.49,
12,9,21.0,13.0,31.0,13.0,7.3,105.84,
12,10,22.0,18.0,32.0,11.0,9.3,111.28,
12,11,20.0,21.0,33.0,13.0,9.3,104.29,
12,12,20.0,22.0,34.0,14.0,8.4,55.56,
12,13,21.0,23.0,35.0,15.0,9.0,61.84,
12,14,22.0,26.0,36.0,16.0,9.0,60.01,
12,15,24.0,20.0,36.0,15.0,9.8,80.5,
12,16,12.0,17.0,36.0,15.0,9.8,65.84,
12,17,15.0,15.0,36.0,16.0,9.5,129.21,
12,18,15.0,15.0,35.0,13.0,9.6,128.02,
12,19,14.0,21.0,35.0,14.0,9.5,112.23,
12,20,14.0,16.0,36.0,14.0,8.7,85.55,
12,21,10.0,13.0,34.0,13.0,10.3,100.02,
12,22,9.0,17.0,34.0,13.0,,122.01,
12,23,13.0,7.0,34.0,13.0,10.0,214.48,
12,24,8.0,12.0,34.0,12.0,9.5,144.33,
12,25,19.0,8.0,34.0,11.0,9.7,101.65,
12,26,17.0,13.0,34.0,10.0,9.7,102.23,
12,27,18.0,14.0,33.0,9.0,9.6,99.84,
12,28,17.0,13.0,33.0,11.0,9.7,117.12,
12,29,14.0,16.0,32.0,14.0,9.6,163.29,
12,30,20.0,16.0,31.0,12.0,8.9,214.39,
12,31,19.0,13.0,31.0,15.0,8.8,144.44,
